Ciudad,Ciudad_Provincia,Ciudad_Lat,Ciudad_Lon,Origen
24 de Mayo,Manabí,-1.3829,-80.3748,geoBoundaries ADM2
Aguarico,Orellana,-0.9497,-75.8822,geoBoundaries ADM2
Alausí,Chimborazo,-2.2,-78.85,actual
Alfredo Baquerizo Moreno,Guayas,-1.9469,-79.5474,geoBoundaries ADM2
Ambato,Tungurahua,-1.2491,-78.6168,actual
Arajuno,Pastaza,-1.3189,-76.73,geoBoundaries ADM2
Archidona,Napo,-0.91,-77.81,actual
Arenillas,El Oro,-3.55,-80.06,actual
Atacames,Esmeraldas,0.87,-79.84,actual
Atahualpa,El Oro,-3.5531,-79.717,geoBoundaries ADM2
Atuntaqui,Imbabura,0.33,-78.22,actual
Ayampe,Manabí,-1.68,-80.8,actual
Azogues,Cañar,-2.7397,-78.8486,actual
Baba,Los Ríos,-1.681,-79.6611,geoBoundaries ADM2
Babahoyo,Los Ríos,-1.8022,-79.5344,actual
Baeza,Napo,-0.46,-77.89,actual
Bahía de Caráquez,Manabí,-0.6,-80.42,actual
Balao,Guayas,-2.8926,-79.7341,geoBoundaries ADM2
Balsas,El Oro,-3.7688,-79.8377,geoBoundaries ADM2
Balzar,Guayas,-1.36,-79.9,actual
Baños,Tungurahua,-1.3964,-78.4247,actual
Baños de Agua Santa,Tungurahua,-1.3366,-78.2734,geoBoundaries ADM2
Biblián,Cañar,-2.72,-78.89,actual
Bolívar (Carchi),Carchi,0.4756,-77.9228,geoBoundaries ADM2
Bolívar (Manabí),Manabí,-0.9095,-80.0339,geoBoundaries ADM2
Buena Fe,Los Ríos,-0.89,-79.49,actual
Caluma,Bolívar,-1.63,-79.25,actual
Camilo Ponce Enríquez,Azuay,-2.9778,-79.5986,geoBoundaries ADM2
Canoa,Manabí,-0.46,-80.46,actual
Cañar,Cañar,-2.56,-78.94,actual
Cariamanga,Loja,-4.33,-79.55,actual
Carlos Julio Arosemena Tola,Napo,-1.1641,-77.94,geoBoundaries ADM2
Cascales,Sucumbíos,0.1458,-77.2329,geoBoundaries ADM2
Catamayo,Loja,-3.99,-79.36,actual
Cayambe,Pichincha,0.04,-78.15,actual
Celica,Loja,-4.1677,-80.0296,geoBoundaries ADM2
Centinela del Cóndor,Zamora Chinchipe,-3.9353,-78.7491,geoBoundaries ADM2
Cevallos,Tungurahua,-1.35,-78.61,actual
Chaguarpamba,Loja,-3.8533,-79.6705,geoBoundaries ADM2
Chambo,Chimborazo,-1.73,-78.59,actual
Chilla,El Oro,-3.4416,-79.6275,geoBoundaries ADM2
Chillanes,Bolívar,-2.0,-79.06,actual
Chimbo,Bolívar,-1.6732,-79.1447,geoBoundaries ADM2
Chone,Manabí,-0.68,-80.1,actual
Chordeleg,Azuay,-2.9866,-78.734,geoBoundaries ADM2
Chunchi,Chimborazo,-2.3345,-78.9054,geoBoundaries ADM2
Colimes,Guayas,-1.531,-80.0875,geoBoundaries ADM2
Colta,Chimborazo,-1.8157,-78.8441,geoBoundaries ADM2
Coronel Marcelino Maridueña,Guayas,-2.2392,-79.3821,geoBoundaries ADM2
Cotacachi,Imbabura,0.3,-78.26,actual
Cuenca,Azuay,-2.9001,-79.0059,actual
Cumandá,Chimborazo,-2.214,-79.0803,geoBoundaries ADM2
Cuyabeno,Sucumbíos,-0.2797,-75.8794,geoBoundaries ADM2
Daule,Guayas,-1.86,-79.98,actual
Deleg,Cañar,-2.7629,-78.9394,geoBoundaries ADM2
Durán,Guayas,-2.17,-79.83,actual
Echeandía,Bolívar,-1.43,-79.28,actual
El Ángel,Carchi,0.63,-77.94,actual
El Carmen,Manabí,-0.27,-79.44,actual
El Chaco,Napo,-0.34,-77.81,actual
El Empalme,Guayas,-0.9019,-79.6307,geoBoundaries ADM2
El Guabo,El Oro,-3.1693,-79.7887,geoBoundaries ADM2
El Pan,Azuay,-2.8577,-78.6547,geoBoundaries ADM2
El Pangui,Zamora Chinchipe,-3.62,-78.58,actual
El Tambo,Cañar,-2.4913,-78.9183,geoBoundaries ADM2
El Triunfo,Guayas,-2.3054,-79.3573,geoBoundaries ADM2
Eloy Alfaro,Esmeraldas,0.7302,-78.9505,geoBoundaries ADM2
Esmeraldas,Esmeraldas,0.9682,-79.6517,actual
Espíndola,Loja,-4.5469,-79.4113,geoBoundaries ADM2
Flavio Alfaro,Manabí,-0.325,-79.8174,geoBoundaries ADM2
Francisco de Orellana (Coca),Orellana,-0.47,-76.99,actual
General Antonio Elizalde,Guayas,-2.1563,-79.2022,geoBoundaries ADM2
Girón,Azuay,-3.16,-79.15,actual
Gonzalo Pizarro,Sucumbíos,0.0818,-77.5871,geoBoundaries ADM2
Gonzanamá,Loja,-4.1595,-79.4561,geoBoundaries ADM2
Guachapala,Azuay,-2.7776,-78.702,geoBoundaries ADM2
Gualaceo,Azuay,-2.89,-78.78,actual
Gualaquiza,Morona Santiago,-3.4,-78.58,actual
Guamote,Chimborazo,-1.93,-78.72,actual
Guano,Chimborazo,-1.6,-78.63,actual
Guaranda,Bolívar,-1.5926,-79.001,actual
Guayaquil,Guayas,-2.1894,-79.8891,actual
Huaca,Carchi,0.6128,-77.7144,geoBoundaries ADM2
Huamboya,Morona Santiago,-1.9843,-77.9567,geoBoundaries ADM2
Huaquillas,El Oro,-3.48,-80.23,actual
Ibarra,Imbabura,-0.3517,-78.1223,actual
Ingapirca,Cañar,-2.54,-78.87,actual
Isidro Ayora,Guayas,-1.9624,-80.1626,geoBoundaries ADM2
Jama,Manabí,-0.2214,-80.2306,geoBoundaries ADM2
Jaramijó,Manabí,-0.9757,-80.6037,geoBoundaries ADM2
Jipijapa,Manabí,-1.35,-80.58,actual
Junín,Manabí,-0.9416,-80.1953,geoBoundaries ADM2
La Concordia,Santo Domingo de los Tsáchilas,0.03,-79.37,actual
La Joya de los Sachas,Orellana,-0.3,-76.99,actual
La Libertad,Santa Elena,-2.23,-80.91,actual
La Maná,Cotopaxi,-0.94,-79.22,actual
La Troncal,Cañar,-2.42,-79.34,actual
Lago Agrio,Sucumbíos,0.08,-76.89,actual
Las Lajas,El Oro,-3.8037,-80.0684,geoBoundaries ADM2
Las Naves,Bolívar,-1.2869,-79.2924,geoBoundaries ADM2
Latacunga,Cotopaxi,-0.9352,-78.6155,actual
Limón Indanza,Morona Santiago,-3.02,-78.42,actual
Logroño,Morona Santiago,-2.7671,-78.0414,geoBoundaries ADM2
Loja,Loja,-3.9931,-79.2042,actual
Lomas de Sargentillo,Guayas,-1.8502,-80.0803,geoBoundaries ADM2
Loreto,Orellana,-0.7,-77.31,actual
Macará,Loja,-4.38,-79.94,actual
Macas,Morona Santiago,-2.3087,-78.1114,actual
Machachi,Pichincha,-0.51,-78.57,actual
Machala,El Oro,-3.2581,-79.9554,actual
Manta,Manabí,-0.9677,-80.7089,actual
Marcabelí,El Oro,-3.78,-79.9319,geoBoundaries ADM2
Mera,Pastaza,-1.46,-78.11,actual
Milagro,Guayas,-2.13,-79.59,actual
Mindo,Pichincha,-0.05,-78.77,actual
Mira,Carchi,0.55,-78.05,actual
Misahuallí,Napo,-1.03,-77.67,actual
Mocache,Los Ríos,-1.1897,-79.5498,geoBoundaries ADM2
Mocha,Tungurahua,-1.41,-78.67,actual
Mompiche,Esmeraldas,0.53,-80.03,actual
Montalvo,Los Ríos,-1.79,-79.29,actual
Montañita,Santa Elena,-1.83,-80.75,actual
Montecristi,Manabí,-1.05,-80.66,actual
Muisne,Esmeraldas,0.6,-80.02,actual
Nabón,Azuay,-3.3298,-79.1189,geoBoundaries ADM2
Nangaritza,Zamora Chinchipe,-4.3429,-78.7626,geoBoundaries ADM2
Naranjal,Guayas,-2.67,-79.62,actual
Naranjito,Guayas,-2.1541,-79.3978,geoBoundaries ADM2
Nobol,Guayas,-1.9652,-80.0494,geoBoundaries ADM2
Nuevo Rocafuerte,Orellana,-0.92,-75.4,actual
Olmedo (Loja),Loja,-3.9364,-79.597,geoBoundaries ADM2
Olmedo (Manabí),Manabí,-1.3614,-80.2135,geoBoundaries ADM2
Olón,Santa Elena,-1.81,-80.76,actual
Oña,Azuay,-3.4892,-79.1306,geoBoundaries ADM2
Otavalo,Imbabura,0.23,-78.26,actual
Pablo Sexto,Morona Santiago,-1.8584,-78.2758,geoBoundaries ADM2
Paján,Manabí,-1.6617,-80.3978,geoBoundaries ADM2
Palanda,Zamora Chinchipe,-4.5694,-79.0937,geoBoundaries ADM2
Palenque,Los Ríos,-1.3343,-79.7154,geoBoundaries ADM2
Palestina,Guayas,-1.6368,-79.9193,geoBoundaries ADM2
Pallatanga,Chimborazo,-2.017,-78.9303,geoBoundaries ADM2
Palora,Morona Santiago,-1.6717,-78.113,geoBoundaries ADM2
Paltas,Loja,-4.0131,-79.759,geoBoundaries ADM2
Pangua,Cotopaxi,-1.1006,-79.155,geoBoundaries ADM2
Papallacta,Napo,-0.37,-78.14,actual
Paquisha,Zamora Chinchipe,-3.9445,-78.5955,geoBoundaries ADM2
Pasaje,El Oro,-3.33,-79.81,actual
Patate,Tungurahua,-1.315,-78.51,actual
Paute,Azuay,-2.78,-78.76,actual
Pedernales,Manabí,0.07,-80.05,actual
Pedro Carbo,Guayas,-1.8511,-80.289,geoBoundaries ADM2
Pedro Vicente Maldonado,Pichincha,0.11,-79.05,actual
Pelileo,Tungurahua,-1.3306,-78.5436,actual
Penipe,Chimborazo,-1.5664,-78.4499,geoBoundaries ADM2
Pichincha (Manabí),Manabí,-0.8698,-79.8264,geoBoundaries ADM2
Píllaro,Tungurahua,-1.1667,-78.5333,actual
Pimampiro,Imbabura,0.39,-77.95,actual
Pindal,Loja,-4.0931,-80.1313,geoBoundaries ADM2
Piñas,El Oro,-3.68,-79.68,actual
Playas,Guayas,-2.63,-80.39,actual
Portovelo,El Oro,-3.7409,-79.5027,geoBoundaries ADM2
Portoviejo,Manabí,-1.0546,-80.4545,actual
Pucará,Azuay,-3.1924,-79.5275,geoBoundaries ADM2
Puebloviejo,Los Ríos,-1.5502,-79.5453,geoBoundaries ADM2
Puerto Ayora,Galápagos,-0.74,-90.31,actual
Puerto Baquerizo Moreno,Galápagos,-0.9,-89.61,actual
Puerto López,Manabí,-1.56,-80.81,actual
Puerto Quito,Pichincha,0.12,-79.27,actual
Puerto Villamil,Galápagos,-0.96,-90.97,actual
Pujilí,Cotopaxi,-0.96,-78.68,actual
Putumayo,Sucumbíos,0.079,-76.0113,geoBoundaries ADM2
Puyango,Loja,-3.9746,-80.0722,geoBoundaries ADM2
Puyo,Pastaza,-1.4924,-78.0024,actual
Quero,Tungurahua,-1.39,-78.6,actual
Quevedo,Los Ríos,-1.03,-79.46,actual
Quilanga,Loja,-4.3434,-79.3833,geoBoundaries ADM2
Quilotoa,Cotopaxi,-0.86,-78.9,actual
Quinindé,Esmeraldas,0.32,-79.47,actual
Quinsaloma,Los Ríos,-1.1521,-79.3545,geoBoundaries ADM2
Quito,Pichincha,-0.1807,-78.4678,actual
Riobamba,Chimborazo,-1.6636,-78.6546,actual
Rioverde,Esmeraldas,0.8527,-79.3406,geoBoundaries ADM2
Rocafuerte,Manabí,-0.9057,-80.4058,geoBoundaries ADM2
Salasaca,Tungurahua,-1.37,-78.53,actual
Salcedo,Cotopaxi,-1.05,-78.59,actual
Salinas,Santa Elena,-2.21,-80.96,actual
Salitre,Guayas,-1.8051,-79.8027,geoBoundaries ADM2
Samborondón,Guayas,-1.96,-79.73,actual
San Fernando,Azuay,-3.1327,-79.268,geoBoundaries ADM2
San Gabriel,Carchi,-0.6,-77.83,actual
San Juan Bosco,Morona Santiago,-3.2568,-78.376,geoBoundaries ADM2
San Lorenzo,Esmeraldas,1.29,-78.84,actual
San Miguel,Bolívar,-1.7,-79.04,actual
San Miguel de los Bancos,Pichincha,-0.0382,-78.8938,geoBoundaries ADM2
San Vicente,Manabí,-0.4775,-80.3592,geoBoundaries ADM2
Sangolquí,Pichincha,-0.31,-78.45,actual
Santa Ana,Manabí,-1.1961,-80.2124,geoBoundaries ADM2
Santa Clara,Pastaza,-1.2736,-77.8642,geoBoundaries ADM2
Santa Elena,Santa Elena,-2.23,-80.86,actual
Santa Isabel,Azuay,-3.27,-79.31,actual
Santa Lucía,Guayas,-1.7145,-80.0352,geoBoundaries ADM2
Santa Rosa,El Oro,-3.45,-79.96,actual
Santiago de Méndez,Morona Santiago,-2.73,-78.32,actual
Santo Domingo,Santo Domingo de los Tsáchilas,-0.253,-79.1754,actual
Saquisilí,Cotopaxi,-0.84,-78.67,actual
Saraguro,Loja,-3.62,-79.23,actual
Sevilla de Oro,Azuay,-2.6783,-78.5627,geoBoundaries ADM2
Shell,Pastaza,-1.5,-78.06,actual
Shushufindi,Sucumbíos,-0.18,-76.65,actual
Sigchos,Cotopaxi,-0.6355,-78.9266,geoBoundaries ADM2
Sígsig,Azuay,-3.05,-78.79,actual
Simón Bolívar,Guayas,-2.0373,-79.4076,geoBoundaries ADM2
Sozoranga,Loja,-4.2938,-79.7984,geoBoundaries ADM2
Súa,Esmeraldas,0.99,-79.87,actual
Sucúa,Morona Santiago,-2.46,-78.17,actual
Sucumbíos (cantón),Sucumbíos,0.4022,-77.6231,geoBoundaries ADM2
Suscal,Cañar,-2.4642,-79.0669,geoBoundaries ADM2
Tabacundo,Pichincha,0.05,-78.2,actual
Taisha,Morona Santiago,-2.4756,-77.3914,geoBoundaries ADM2
Tena,Napo,-0.9938,-77.8129,actual
Tisaleo,Tungurahua,-1.34,-78.67,actual
Tiwintza,Morona Santiago,-2.9727,-77.8974,geoBoundaries ADM2
Tosagua,Manabí,-0.7801,-80.2713,geoBoundaries ADM2
Tulcán,Carchi,0.8119,-77.7173,actual
Urcuquí,Imbabura,0.42,-78.19,actual
Urdaneta,Los Ríos,-1.5662,-79.389,geoBoundaries ADM2
Valencia,Los Ríos,-0.7775,-79.3066,geoBoundaries ADM2
Ventanas,Los Ríos,-1.44,-79.47,actual
Vilcabamba,Loja,-4.26,-79.22,actual
Vinces,Los Ríos,-1.55,-79.75,actual
Yacuambi,Zamora Chinchipe,-3.6075,-78.967,geoBoundaries ADM2
Yaguachi,Guayas,-2.1123,-79.6915,geoBoundaries ADM2
Yantzaza,Zamora Chinchipe,-3.83,-78.76,actual
Zamora,Zamora Chinchipe,-4.07,-78.95,actual
Zapotillo,Loja,-4.2593,-80.2893,geoBoundaries ADM2
Zaruma,El Oro,-3.69,-79.61,actual
Zumba,Zamora Chinchipe,-4.87,-79.11,actual
