País,Pais_Lat,Pais_Lon,Origen
Afganistán,33,65,mledoze/countries
Albania,41,20,mledoze/countries
Alemania,51.1657,10.4515,actual
Andorra,42.5,1.5,mledoze/countries
Angola,-12.5,18.5,mledoze/countries
Antigua y Barbuda,17.05,-61.8,mledoze/countries
Arabia Saudí,25,45,mledoze/countries
Argelia,28,3,mledoze/countries
Argentina,-38.4161,-63.6167,actual
Armenia,40,45,mledoze/countries
Australia,-35.28,149.13,actual
Austria,48.21,16.37,actual
Azerbaiyán,40.5,47.5,mledoze/countries
Bahamas,24.25,-76,mledoze/countries
Bahrein,26,50.55,mledoze/countries
Bangladesh,24,90,mledoze/countries
Barbados,13.16666666,-59.53333333,mledoze/countries
Bélgica,50.85,4.35,actual
Belice,17.25,-88.77,actual
Benín,9.5,2.25,mledoze/countries
Bielorrusia,53,28,mledoze/countries
Bolivia,-16.49,-68.15,actual
Bosnia y Herzegovina,44,18,mledoze/countries
Botswana,-22,24,mledoze/countries
Brasil,-15.79,-47.88,actual
Brunei,4.5,114.66666666,mledoze/countries
Bulgaria,43,25,mledoze/countries
Burkina Faso,13,-2,mledoze/countries
Burundi,-3.5,30,mledoze/countries
Bután,27.5,90.5,mledoze/countries
Cabo Verde,16,-24,mledoze/countries
Camboya,13,105,mledoze/countries
Camerún,6,12,mledoze/countries
Canadá,56.1304,-106.3468,actual
Catar,25.5,51.25,mledoze/countries
Chad,15,19,mledoze/countries
Chile,-35.6751,-71.543,actual
China,39.9,116.41,actual
Chipre,35,33,mledoze/countries
Ciudad del Vaticano,41.9,12.45,mledoze/countries
Colombia,4.5709,-74.2973,actual
Comoras,-12.16666666,44.25,mledoze/countries
Congo,-1,15,mledoze/countries
Congo (Rep. Dem.),0,25,mledoze/countries
Corea del Norte,40,127,mledoze/countries
Corea del Sur,37.57,126.98,actual
Costa de Marfil,8,-5,mledoze/countries
Costa Rica,9.93,-84.08,actual
Croacia,45.81,15.98,actual
Cuba,23.13,-82.38,actual
Dinamarca,55.68,12.57,actual
Djibouti,11.5,43,mledoze/countries
Dominica,15.41666666,-61.33333333,mledoze/countries
Ecuador,-1.8312,-78.1834,actual
Egipto,27,30,mledoze/countries
El Salvador,13.69,-89.19,actual
Emiratos Árabes Unidos,24,54,mledoze/countries
Eritrea,15,39,mledoze/countries
Eslovaquia,48.66666666,19.5,mledoze/countries
Eslovenia,46.11666666,14.81666666,mledoze/countries
España,40.4637,-3.7492,actual
Estados Unidos,37.0902,-95.7129,actual
Estonia,59,26,mledoze/countries
Esuatini,-26.5,31.5,mledoze/countries
Etiopía,8,38,mledoze/countries
Filipinas,13,122,mledoze/countries
Finlandia,60.17,24.94,actual
Fiyi,-18,175,mledoze/countries
Francia,46.2276,2.2137,actual
Gabón,-1,11.75,mledoze/countries
Gambia,13.46666666,-16.56666666,mledoze/countries
Georgia,42,43.5,mledoze/countries
Ghana,8,-2,mledoze/countries
Grecia,37.98,23.73,actual
Grenada,12.11666666,-61.66666666,mledoze/countries
Guatemala,14.63,-90.51,actual
Guinea,11,-10,mledoze/countries
Guinea Ecuatorial,2,10,mledoze/countries
Guinea-Bisáu,12,-15,mledoze/countries
Guyana,6.8,-58.16,actual
Haití,19,-72.41666666,mledoze/countries
Honduras,14.07,-87.19,actual
Hungría,47.5,19.04,actual
India,28.61,77.21,actual
Indonesia,-5,120,mledoze/countries
Irak,33,44,mledoze/countries
Iran,32,53,mledoze/countries
Irlanda,53.35,-6.26,actual
Islandia,65,-18,mledoze/countries
Islas Marshall,9,168,mledoze/countries
Islas Salomón,-8,159,mledoze/countries
Israel,31.77,35.22,actual
Italia,41.9,12.5,actual
Jamaica,18.25,-77.5,mledoze/countries
Japón,35.68,139.69,actual
Jordania,31,36,mledoze/countries
Kazajistán,48,68,mledoze/countries
Kenia,1,38,mledoze/countries
Kirguizistán,41,75,mledoze/countries
Kiribati,1.41666666,173,mledoze/countries
Kuwait,29.5,45.75,mledoze/countries
Laos,18,105,mledoze/countries
Lesotho,-29.5,28.5,mledoze/countries
Letonia,57,25,mledoze/countries
Líbano,33.83333333,35.83333333,mledoze/countries
Liberia,6.5,-9.5,mledoze/countries
Libia,25,17,mledoze/countries
Liechtenstein,47.26666666,9.53333333,mledoze/countries
Lituania,56,24,mledoze/countries
Luxemburgo,49.75,6.16666666,mledoze/countries
Macedonia del Norte,41.83333333,22,mledoze/countries
Madagascar,-20,47,mledoze/countries
Malasia,2.5,112.5,mledoze/countries
Malawi,-13.5,34,mledoze/countries
Maldivas,3.25,73,mledoze/countries
Mali,17,-4,mledoze/countries
Malta,35.83333333,14.58333333,mledoze/countries
Marruecos,32,-5,mledoze/countries
Mauricio,-20.28333333,57.55,mledoze/countries
Mauritania,20,-12,mledoze/countries
México,19.43,-99.13,actual
Micronesia,6.91666666,158.25,mledoze/countries
Moldavia,47,29,mledoze/countries
Mónaco,43.73333333,7.4,mledoze/countries
Mongolia,46,105,mledoze/countries
Montenegro,42.5,19.3,mledoze/countries
Mozambique,-18.25,35,mledoze/countries
Myanmar,22,98,mledoze/countries
Namibia,-22,17,mledoze/countries
Nauru,-0.53333333,166.91666666,mledoze/countries
Nepal,28,84,mledoze/countries
Nicaragua,12.11,-86.24,actual
Níger,16,8,mledoze/countries
Nigeria,10,8,mledoze/countries
Noruega,59.91,10.75,actual
Nueva Zelanda,-41.29,174.78,actual
Omán,21,57,mledoze/countries
Países Bajos,52.37,4.9,actual
Pakistán,30,70,mledoze/countries
Palau,7.5,134.5,mledoze/countries
Panamá,8.98,-79.52,actual
Papúa Nueva Guinea,-6,147,mledoze/countries
Paraguay,-25.26,-57.58,actual
Perú,-9.19,-75.0152,actual
Polonia,52.23,21.01,actual
Portugal,38.72,-9.14,actual
Puerto Rico,18.47,-66.11,actual
Reino Unido,51.51,-0.13,actual
República Centroafricana,7,21,mledoze/countries
República Checa,50.08,14.44,actual
República Dominicana,18.49,-69.93,actual
Ruanda,-2,30,mledoze/countries
Rumanía,44.43,26.1,actual
Rusia,55.76,37.62,actual
Samoa,-13.58333333,-172.33333333,mledoze/countries
San Cristóbal y Nieves,17.33333333,-62.75,mledoze/countries
San Marino,43.76666666,12.41666666,mledoze/countries
San Vicente y Granadinas,13.25,-61.2,mledoze/countries
Santa Lucía,13.88333333,-60.96666666,mledoze/countries
Santo Tomé y Príncipe,1,7,mledoze/countries
Senegal,14,-14,mledoze/countries
Serbia,44,21,mledoze/countries
Seychelles,-4.58333333,55.66666666,mledoze/countries
Sierra Leone,8.5,-11.5,mledoze/countries
Singapur,1.36666666,103.8,mledoze/countries
Siria,35,38,mledoze/countries
Somalia,10,49,mledoze/countries
Sri Lanka,7,81,mledoze/countries
Sudáfrica,-25.75,28.19,actual
Sudán,15,30,mledoze/countries
Sudán del Sur,7,30,mledoze/countries
Suecia,59.33,18.07,actual
Suiza,46.95,7.45,actual
Surinam,5.85,-55.2,actual
Tailandia,15,100,mledoze/countries
Tanzania,-6,35,mledoze/countries
Tayikistán,39,71,mledoze/countries
Timor Oriental,-8.83333333,125.91666666,mledoze/countries
Togo,8,1.16666666,mledoze/countries
Tonga,-20,-175,mledoze/countries
Trinidad y Tobago,11,-61,mledoze/countries
Túnez,34,9,mledoze/countries
Turkmenistán,40,60,mledoze/countries
Turquía,39.93,32.86,actual
Tuvalu,-8,178,mledoze/countries
Ucrania,50.45,30.52,actual
Uganda,1,32,mledoze/countries
Uruguay,-34.9,-56.16,actual
Uzbekistán,41,64,mledoze/countries
Vanuatu,-16,167,mledoze/countries
Venezuela,6.4238,-66.5897,actual
Vietnam,16.16666666,107.83333333,mledoze/countries
Yemen,15,48,mledoze/countries
Zambia,-15,30,mledoze/countries
Zimbabue,-20,30,mledoze/countries
