Provincia,Provincia_Lat,Provincia_Lon
Azuay,-3.02,-79.15
Bolívar,-1.59,-79.11
Cañar,-2.54,-79.02
Carchi,0.77,-78.08
Chimborazo,-1.97,-78.72
Cotopaxi,-0.86,-78.86
El Oro,-3.51,-79.83
Esmeraldas,0.72,-79.22
Galápagos,-0.56,-90.91
Guayas,-2.11,-79.88
Imbabura,0.41,-78.37
Loja,-4.09,-79.65
Los Ríos,-1.35,-79.49
Manabí,-0.76,-80.14
Morona Santiago,-2.56,-78.01
Napo,-0.65,-77.82
Orellana,-0.78,-76.36
Pastaza,-1.71,-76.87
Pichincha,-0.11,-78.6
Santa Elena,-2.14,-80.58
Santo Domingo de los Tsáchilas,-0.26,-79.22
Sucumbíos,-0.01,-76.57
Tungurahua,-1.29,-78.51
Zamora Chinchipe,-4.17,-78.91
